file_id,citedby_id
1279308286886553219,1279308286886553219
1279308286886553219,4914628925230473103
14742408706547850320,1486285274983996239
9860043691267068964,9893533541972366892
5466665393835199140,10754073794036367998
9893533541972366892,14742408706547850320
14742408706547850320,1486285274983996239
9860043691267068964,9893533541972366892
14742408706547850320,1486285274983996239
14742408706547850320,17429871908973328912
14742408706547850320,10736406828731013199
14742408706547850320,7890088929250870342
14742408706547850320,1486285274983996239
14742408706547850320,17429871908973328912
14742408706547850320,10736406828731013199
14742408706547850320,7890088929250870342
14742408706547850320,5660420570871833685
14742408706547850320,17092403120378469193
14742408706547850320,3887876218088813523
14742408706547850320,7377228647384146331
14742408706547850320,18144998660614481635
14742408706547850320,11854229808219027249
14742408706547850320,1486285274983996239
14742408706547850320,17429871908973328912
14742408706547850320,10736406828731013199
14742408706547850320,7890088929250870342
14742408706547850320,5660420570871833685
14742408706547850320,17092403120378469193
14742408706547850320,3887876218088813523
14742408706547850320,7377228647384146331
14742408706547850320,18144998660614481635
14742408706547850320,11854229808219027249
14742408706547850320,536500482977624528
14742408706547850320,14356758097753291749
14742408706547850320,14248489693260201639
14742408706547850320,2059909997211638672
14742408706547850320,6508966894997637525
14742408706547850320,10471129908738201692
14742408706547850320,12906682174586760939
14742408706547850320,3611371657559445436
14742408706547850320,11417494696698892977
14742408706547850320,8351449478986543723
14742408706547850320,16080096938383244621
14742408706547850320,3034732865868775262
14742408706547850320,4873276442442879918
14742408706547850320,4805729233505634502
14742408706547850320,5336283115269487529
14742408706547850320,3079004358602648866
14742408706547850320,4197683095609506870
14742408706547850320,2104704403102537511
14742408706547850320,17264751483020267073
14742408706547850320,11946852224764852942
14742408706547850320,15634415272741787428
14742408706547850320,8285139213360830750
14742408706547850320,13137774903798841670
14742408706547850320,2021905502019675744
14742408706547850320,14961016181184867408
14742408706547850320,14355569771014621112
14742408706547850320,12526200592872887404
14742408706547850320,10973785980314274243
14742408706547850320,6188345706841714069
14742408706547850320,17283111464847785776
14742408706547850320,18344829992296623962
14742408706547850320,16493925444741448847
14742408706547850320,14217030590123770816
14742408706547850320,10809102002908540129
14742408706547850320,8754527121836229850
14742408706547850320,15486025592829317621
14742408706547850320,5711845495725519252
14742408706547850320,16083873259345578033
14742408706547850320,2446161004311870601
14742408706547850320,7403201198428993710
14742408706547850320,1486285274983996239
14742408706547850320,1486285274983996239
14742408706547850320,17429871908973328912
14742408706547850320,10736406828731013199
14742408706547850320,7890088929250870342
14742408706547850320,5660420570871833685
14742408706547850320,17092403120378469193
14742408706547850320,3887876218088813523
14742408706547850320,7377228647384146331
14742408706547850320,18144998660614481635
14742408706547850320,11854229808219027249
14742408706547850320,536500482977624528
14742408706547850320,14356758097753291749
14742408706547850320,14248489693260201639
14742408706547850320,2059909997211638672
14742408706547850320,6508966894997637525
14742408706547850320,10471129908738201692
14742408706547850320,12906682174586760939
14742408706547850320,3611371657559445436
14742408706547850320,11417494696698892977
14742408706547850320,8351449478986543723
14742408706547850320,16080096938383244621
14742408706547850320,3034732865868775262
14742408706547850320,4873276442442879918
14742408706547850320,4805729233505634502
14742408706547850320,5336283115269487529
14742408706547850320,3079004358602648866
14742408706547850320,4197683095609506870
14742408706547850320,2104704403102537511
14742408706547850320,17264751483020267073
14742408706547850320,11946852224764852942
14742408706547850320,15634415272741787428
14742408706547850320,8285139213360830750
14742408706547850320,13137774903798841670
14742408706547850320,2021905502019675744
14742408706547850320,14961016181184867408
14742408706547850320,14355569771014621112
14742408706547850320,12526200592872887404
14742408706547850320,10973785980314274243
14742408706547850320,6188345706841714069
14742408706547850320,17283111464847785776
14742408706547850320,18344829992296623962
14742408706547850320,16493925444741448847
14742408706547850320,14217030590123770816
14742408706547850320,10809102002908540129
14742408706547850320,8754527121836229850
14742408706547850320,15486025592829317621
14742408706547850320,5711845495725519252
14742408706547850320,16083873259345578033
14742408706547850320,1486285274983996239
14742408706547850320,17429871908973328912
14742408706547850320,10736406828731013199
14742408706547850320,7890088929250870342
14742408706547850320,5660420570871833685
14742408706547850320,17092403120378469193
14742408706547850320,3887876218088813523
14742408706547850320,7377228647384146331
14742408706547850320,18144998660614481635
14742408706547850320,11854229808219027249
14742408706547850320,536500482977624528
14742408706547850320,14356758097753291749
14742408706547850320,14248489693260201639
14742408706547850320,2059909997211638672
14742408706547850320,6508966894997637525
14742408706547850320,10471129908738201692
14742408706547850320,12906682174586760939
14742408706547850320,3611371657559445436
14742408706547850320,11417494696698892977
14742408706547850320,8351449478986543723
14742408706547850320,16080096938383244621
14742408706547850320,3034732865868775262
14742408706547850320,4873276442442879918
14742408706547850320,4805729233505634502
14742408706547850320,1486285274983996239
14742408706547850320,17429871908973328912
14742408706547850320,10736406828731013199
14742408706547850320,7890088929250870342
14742408706547850320,5660420570871833685
14742408706547850320,17092403120378469193
14742408706547850320,3887876218088813523
14742408706547850320,7377228647384146331
14742408706547850320,18144998660614481635
14742408706547850320,11854229808219027249
14742408706547850320,536500482977624528
14742408706547850320,14356758097753291749
14742408706547850320,14248489693260201639
14742408706547850320,2059909997211638672
14742408706547850320,6508966894997637525
14742408706547850320,10471129908738201692
14742408706547850320,12906682174586760939
14742408706547850320,3611371657559445436
14742408706547850320,11417494696698892977
14742408706547850320,8351449478986543723
14742408706547850320,16080096938383244621
14742408706547850320,3034732865868775262
14742408706547850320,4873276442442879918
14742408706547850320,4805729233505634502
14742408706547850320,5336283115269487529
14742408706547850320,3079004358602648866
14742408706547850320,4197683095609506870
14742408706547850320,2104704403102537511
14742408706547850320,17264751483020267073
14742408706547850320,11946852224764852942
14742408706547850320,15634415272741787428
14742408706547850320,8285139213360830750
14742408706547850320,13137774903798841670
14742408706547850320,2021905502019675744
14742408706547850320,14961016181184867408
14742408706547850320,14355569771014621112
14742408706547850320,12526200592872887404
14742408706547850320,10973785980314274243
14742408706547850320,6188345706841714069
14742408706547850320,17283111464847785776
14742408706547850320,18344829992296623962
14742408706547850320,16493925444741448847
14742408706547850320,14217030590123770816
14742408706547850320,10809102002908540129
14742408706547850320,8754527121836229850
14742408706547850320,15486025592829317621
14742408706547850320,5711845495725519252
14742408706547850320,16083873259345578033
14742408706547850320,2446161004311870601
14742408706547850320,7403201198428993710
14742408706547850320,9169287760167741054
14742408706547850320,11235382970121027942
14742408706547850320,17122416076756913923
14742408706547850320,7733375712610244366
14742408706547850320,7562826010177837445
14742408706547850320,12461990251384023572
14742408706547850320,5225241463883615975
14742408706547850320,1671366234929278794
14742408706547850320,11616154846586256283
14742408706547850320,16651980822565684265
14742408706547850320,4531173050484308224
14742408706547850320,2750095654124522292
14742408706547850320,2501669278585567311
14742408706547850320,15094239561985026136
14742408706547850320,17145423462148236221
14742408706547850320,958982332792005923
14742408706547850320,450027055104593297
14742408706547850320,17743556665499331213
14742408706547850320,144423817736717700
14742408706547850320,709135054307744524
14742408706547850320,11678828705377144184
14742408706547850320,12786098000612776824
14742408706547850320,6879976858352651493
14742408706547850320,14682925382097045741
14742408706547850320,7041630651830740630
14742408706547850320,8489384629948033955
14742408706547850320,10570903067682270948
14742408706547850320,16638222133406499341
14742408706547850320,1293337629195719354
14742408706547850320,14106187370923811184
14742408706547850320,3913207714835900400
14742408706547850320,8711809904555562069
14742408706547850320,9424481984480537291
14742408706547850320,3214822546111791106
14742408706547850320,6471120979349548614
14742408706547850320,3531947466824707805
14742408706547850320,9435089957768941384
14742408706547850320,18040795387942868440
14742408706547850320,14748610977059707847
14742408706547850320,6844066631280479078
14742408706547850320,17572622018997597952
14742408706547850320,8909963648784146761
14742408706547850320,1791913907372306087
14742408706547850320,2731186346827036089
14742408706547850320,17631780670474832560
14742408706547850320,9729008770177540555
14742408706547850320,6465528822123358749
14742408706547850320,17450539849880331043
14742408706547850320,11488519941481692930
14742408706547850320,4238783720215059139
14742408706547850320,9147437262214007170
14742408706547850320,14940783673604180157
14742408706547850320,6035854020802549052
14742408706547850320,10142730326686445026
14742408706547850320,4361978418752410378
14742408706547850320,11461069193644334101
14742408706547850320,1402622061443825401
14742408706547850320,13836968189195422023
14742408706547850320,12355149676386734463
14742408706547850320,14156192371228378084
14742408706547850320,2369139628068546368
14742408706547850320,13448293360631532573
14742408706547850320,15082620591544246788
14742408706547850320,5090720607687692581
14742408706547850320,11534837755749905648
14742408706547850320,1433369661908959479
14742408706547850320,17560881800000971765
14742408706547850320,7382018115233164791
14742408706547850320,15794097810021078146
14742408706547850320,10150968874540041229
14742408706547850320,11936109841800817165
14742408706547850320,12640614432482879557
14742408706547850320,4245718500977255202
14742408706547850320,15729965076502177981
14742408706547850320,10949897101413382122
14742408706547850320,18417794216712698935
14742408706547850320,11573842331423935460
14742408706547850320,18317743323544948583
14742408706547850320,300400114448014988
14742408706547850320,931062038937890381
14742408706547850320,13277978273355564882
14742408706547850320,10157170867294110851
14742408706547850320,17564831404372388701
14742408706547850320,10021824399325438328
14742408706547850320,17487003281852580446
14742408706547850320,4284491479530573616
14742408706547850320,18090870142443737413
14742408706547850320,2308434312897240257
14742408706547850320,12479823200580759562
14742408706547850320,16158686701863082385
14742408706547850320,17252682084740165754
14742408706547850320,9811595200153168887
14742408706547850320,4638189657058584906
14742408706547850320,9247157739718660607
14742408706547850320,15770314813960750086
14742408706547850320,2984312638605504245
14742408706547850320,17297967981183428807
14742408706547850320,12723540763452390145
14742408706547850320,12465555844848084585
14742408706547850320,8805441179736460028
14742408706547850320,14796844876307609244
14742408706547850320,4140301916377320281
14742408706547850320,9173508668434242722
14742408706547850320,10177849618487064098
14742408706547850320,6399349578815516006
14742408706547850320,732133305818086237
14742408706547850320,8422086233569434925
14742408706547850320,7994524616216512863
14742408706547850320,17176431965672817099
14742408706547850320,11077912451962556305
14742408706547850320,17098951821436401053
14742408706547850320,6476214690994084836
14742408706547850320,16140875440037994591
14742408706547850320,222209884233146284
14742408706547850320,11695407859147517561
14742408706547850320,9241355058309461598
14742408706547850320,14397446635477554600
14742408706547850320,3049101708166355785
14742408706547850320,9636446853355323583
14742408706547850320,5351439107308889279
14742408706547850320,9264600829447681912
14742408706547850320,5404542563515260373
14742408706547850320,7670289777858440805
14742408706547850320,14136349054493627168
14742408706547850320,2360214204421456297
14742408706547850320,1747297265318043348
14742408706547850320,10859022949263525724
14742408706547850320,6067910635436461578
14742408706547850320,10230935118934227803
14742408706547850320,18376593011188548159
14742408706547850320,559960495037322124
14742408706547850320,15990221953853342886
14742408706547850320,18313454772601821545
14742408706547850320,4084937719236743141
14742408706547850320,5819897452935141039
14742408706547850320,2381138829532794402
14742408706547850320,1377062620886452570
14742408706547850320,18052314911214307357
14742408706547850320,1049817119503522158
14742408706547850320,6080308491951861623
14742408706547850320,3419062690183045
14742408706547850320,746847210034834344
14742408706547850320,8158146784261783708
14742408706547850320,3116810844753819109
14742408706547850320,16899425383644067726
14742408706547850320,5077889233809713343
14742408706547850320,14542181112187197098
14742408706547850320,7790069650278631544
14742408706547850320,9792924970623123979
14742408706547850320,2914090714691754857
14742408706547850320,14667962559985570990
14742408706547850320,341606064632783271
14742408706547850320,2155412934953297601
14742408706547850320,4497819396961716478
14742408706547850320,16408883133133237355
14742408706547850320,3980495784723668252
14742408706547850320,6084822034438014209
14742408706547850320,7911603523635884646
14742408706547850320,17216538467981850228
14742408706547850320,11149652652666835618
14742408706547850320,6888691167343585047
14742408706547850320,1697429879851112187
14742408706547850320,16349679870743884919
14742408706547850320,11384999780501130582
14742408706547850320,18342320493649640855
14742408706547850320,14299502139732624329
14742408706547850320,12086178529510537128
14742408706547850320,8389720996036840764
14742408706547850320,15437423580205917805
14742408706547850320,8441852289026437603
14742408706547850320,10536979689468257962
14742408706547850320,13146179500586591347
14742408706547850320,12646965228628680433
14742408706547850320,14004100358400668389
14742408706547850320,12097138486092794134
14742408706547850320,2256173929736514940
14742408706547850320,12573237065331655563
14742408706547850320,14117345168178984269
14742408706547850320,14676085580270888713
14742408706547850320,17363963990316036780
14742408706547850320,17520250093519564889
14742408706547850320,8383996546694782622
14742408706547850320,8361664473493077063
14742408706547850320,14384582949554573594
14742408706547850320,13615262210252878217
14742408706547850320,16827795329422385698
14742408706547850320,10072150672938757264
14742408706547850320,8202444925758761814
14742408706547850320,1913674802696612538
14742408706547850320,1723201826105286678
14742408706547850320,12998374350565262524
14742408706547850320,11395481934782067973
14742408706547850320,5459992683889106858
14742408706547850320,13673232877544286019
14742408706547850320,17422330375839945266
14742408706547850320,13334299667026832355
14742408706547850320,17850996880560198632
14742408706547850320,17071142579068666798
14742408706547850320,8562625397313316973
14742408706547850320,299697575994685224
14742408706547850320,12246092525829660691
14742408706547850320,3252798397733515597
14742408706547850320,6729956788725919043
14742408706547850320,7866424597280690149
14742408706547850320,9876457966846904246
14742408706547850320,3216042088714459468
14742408706547850320,9868646670474366167
14742408706547850320,1837215369668988145
14742408706547850320,9968597724406758310
14742408706547850320,7997274093416073283
14742408706547850320,8668038981254433699
14742408706547850320,7591095355662598955
14742408706547850320,7882604695683807005
14742408706547850320,7267335776247276298
14742408706547850320,13963444395175893273
14742408706547850320,14257608673704843933
14742408706547850320,13962777794164928087
14742408706547850320,5243454074285064331
14742408706547850320,15717901531388738561
14742408706547850320,5704510124345667686
14742408706547850320,10144071381596460392
14742408706547850320,10375167990989860966
14742408706547850320,1413956867319494370
14742408706547850320,8106547683562400019
14742408706547850320,7043587950417618934
14742408706547850320,12313690085445510269
14742408706547850320,11542044582427356073
14742408706547850320,1697944201286414616
14742408706547850320,13601997610104918709
14742408706547850320,18098438107276618875
14742408706547850320,10352781519211579541
14742408706547850320,15219526159576208843
14742408706547850320,12477325765599379356
14742408706547850320,14350661663990925708
14742408706547850320,18052218126139385995
14742408706547850320,2387745050477553040
14742408706547850320,14327663523683741647
14742408706547850320,611268770897550071
14742408706547850320,6993741446196183401
14742408706547850320,14310320216178615624
14742408706547850320,9424756032120474973
14742408706547850320,11735548063221599055
14742408706547850320,5368725698135643432
14742408706547850320,18257274358148518105
14742408706547850320,8445505719254263942
14742408706547850320,2119867835889465528
14742408706547850320,1767347182956791001
14742408706547850320,12769830155747227070
14742408706547850320,1643909785771579208
14742408706547850320,10088370327600500081
14742408706547850320,8059684574830728039
14742408706547850320,10142661885746530729
14742408706547850320,9705126905550180876
14742408706547850320,17907480787671247398
14742408706547850320,12050500364924034152
14742408706547850320,18172263780297245349
14742408706547850320,10840196315477844243
14742408706547850320,16660532045778124068
14742408706547850320,665487484070013883
14742408706547850320,18298376441564310222
14742408706547850320,16691450287895871749
14742408706547850320,10250438367428873521
14742408706547850320,7346419326571364066
14742408706547850320,14415625289147105106
14742408706547850320,9896900973181397646
14742408706547850320,6348050561524197072
14742408706547850320,8846536205176452993
14742408706547850320,15157338869385659693
14742408706547850320,11915995547094236524
14742408706547850320,8493736149850973458
14742408706547850320,10999750122910529958
14742408706547850320,13082798263877004903
14742408706547850320,9184043900091271035
14742408706547850320,12162912652770693205
14742408706547850320,4033617381809655432
14742408706547850320,9998872286995508007
14742408706547850320,17625582167736935725
14742408706547850320,10481408806878191602
14742408706547850320,3424828860217594813
14742408706547850320,4120933300092568531
14742408706547850320,10040527408562095290
14742408706547850320,17636096710010624449
14742408706547850320,3332627103834389045
14742408706547850320,8145128668603059767
14742408706547850320,5112850185124370634
14742408706547850320,6574348128360484010
14742408706547850320,7573015266658947317
14742408706547850320,4092647414139485060
14742408706547850320,4568857838531240323
14742408706547850320,5483540850313044219
14742408706547850320,2519029698302129597
14742408706547850320,14117909700090194201
14742408706547850320,1648141331023529208
14742408706547850320,13480838310984120050
14742408706547850320,7072928877818762988
14742408706547850320,4953170864651140714
14742408706547850320,5817721654187484262
14742408706547850320,14040822316524453198
14742408706547850320,9459934636795974105
14742408706547850320,612481233503658595
14742408706547850320,3778422029497018536
14742408706547850320,12059481138759288884
14742408706547850320,12488830167038374712
14742408706547850320,4973246369904309765
14742408706547850320,10905328760498567384
14742408706547850320,6515976780141707531
14742408706547850320,10931535174646242214
14742408706547850320,12409023085510707321
14742408706547850320,504540722834692929
14742408706547850320,11238686087009507850
14742408706547850320,10391057348004119151
14742408706547850320,15076165794710083150
14742408706547850320,17294084639272729278
14742408706547850320,13524268179384091359
14742408706547850320,11739262755447185936
14742408706547850320,12922269462986770618
14742408706547850320,10947660080123513772
14742408706547850320,9670778677141775732
14742408706547850320,1883844614592279534
14742408706547850320,2784113331837387023
14742408706547850320,4230575950683453023
14742408706547850320,11596621194092693501
14742408706547850320,6301041709962113022
14742408706547850320,1051019484723900945
14742408706547850320,2361074949472715498
14742408706547850320,12583718738437176308
14742408706547850320,11426828482963096459
14742408706547850320,8321856807258171549
14742408706547850320,4255023142452562724
14742408706547850320,7292564271440969093
14742408706547850320,14374990520435343863
14742408706547850320,8871294210668798425
14742408706547850320,1187598251988566438
14742408706547850320,13787198382644743163
14742408706547850320,1887511292526004701
14742408706547850320,1212529237843139145
14742408706547850320,4512550191916622187
14742408706547850320,17803874649949077655
14742408706547850320,15757229071045745338
14742408706547850320,2128470596312511848
14742408706547850320,8307837680055448920
14742408706547850320,7602972931809364952
14742408706547850320,2231272919898776969
14742408706547850320,4304798766804464213
14742408706547850320,3798449687722271558
14742408706547850320,4783734711469431299
14742408706547850320,17291285981317330704
14742408706547850320,15790647871243982465
14742408706547850320,14969202931932292220
14742408706547850320,47711111568077930
14742408706547850320,15128869447033912245
14742408706547850320,237753285751081343
14742408706547850320,15555924601477330966
14742408706547850320,15089712727161560193
14742408706547850320,16745875654651020172
14742408706547850320,7305028512863842327
14742408706547850320,18066191381896639415
14742408706547850320,14749928455799860660
14742408706547850320,2722732359745381643
14742408706547850320,15742127842303960460
14742408706547850320,3972096298322710370
14742408706547850320,10718850767271314642
14742408706547850320,12603717439955441306
14742408706547850320,15384663436012140024
14742408706547850320,12497256406653431916
14742408706547850320,3269986084089988734
14742408706547850320,1358386975228963412
14742408706547850320,10343589132145412661
14742408706547850320,13339035422786062522
14742408706547850320,6135829495629478323
14742408706547850320,3920733124224340207
14742408706547850320,11172630128151349958
14742408706547850320,7808557810971641795
14742408706547850320,9206835631955203417
14742408706547850320,16883175937365579799
14742408706547850320,12213102596035276775
14742408706547850320,16363140753888060865
14742408706547850320,1798935717293212334
14742408706547850320,18310701172503851546
14742408706547850320,17524008974153871429
14742408706547850320,880742466413862606
14742408706547850320,3667700591152422833
14742408706547850320,11756316490925020823
14742408706547850320,16967311144371375083
14742408706547850320,15039962824428538467
14742408706547850320,9335956377039162356
14742408706547850320,15558172311788772878
14742408706547850320,7389645484981270427
14742408706547850320,3701451211022063557
14742408706547850320,17661583404298819959
14742408706547850320,6187658939981033625
14742408706547850320,1280458972882580630
14742408706547850320,16470989332818995711
14742408706547850320,13967904819034038705
14742408706547850320,11151321754671602187
14742408706547850320,4562858252333120188
14742408706547850320,598530802333007406
14742408706547850320,88591127626278816
14742408706547850320,9844523927562901236
14742408706547850320,13744724783570582003
14742408706547850320,8618367200799511053
14742408706547850320,17693748213179142214
14742408706547850320,2480921179501103186
14742408706547850320,13062399147615993685
14742408706547850320,10186401773567623924
14742408706547850320,8169073561978448646
14742408706547850320,15217056240794720466
14742408706547850320,14329369050542946588
14742408706547850320,3364705874989858111
14742408706547850320,7280382767590678191
14742408706547850320,2192829328285136526
14742408706547850320,4060954585541801059
14742408706547850320,14507797579020699029
14742408706547850320,6569532268689225458
14742408706547850320,7633136571136918009
14742408706547850320,10518326418940912207
14742408706547850320,16215896006068278134
14742408706547850320,15571651762077605306
14742408706547850320,844245217991278701
14742408706547850320,116083291860753532
14742408706547850320,4145038898577879979
14742408706547850320,15477264187508859548
14742408706547850320,5574097948048016327
14742408706547850320,9269702240599953724
14742408706547850320,1072743468998603962
14742408706547850320,15460340889307953396
14742408706547850320,18268427157466336320
14742408706547850320,12615995500740942921
14742408706547850320,6593610831709431851
14742408706547850320,12858832626247974676
14742408706547850320,10215771952581046186
14742408706547850320,4138846184434731159
14742408706547850320,14022349506767119032
14742408706547850320,5625752352526695157
14742408706547850320,11865954928651439884
14742408706547850320,17497745889090967043
14742408706547850320,12587450577343611197
14742408706547850320,340682201151697254
14742408706547850320,4757834983215653067
14742408706547850320,14182692016552918601
14742408706547850320,3864477492696173343
14742408706547850320,10019035067107994114
14742408706547850320,11247602755034520039
14742408706547850320,17605898876252964832
14742408706547850320,11148748737730037797
14742408706547850320,7313329886692456109
14742408706547850320,3256146669934146037
14742408706547850320,12158649758926534999
14742408706547850320,17552232447584419470
14742408706547850320,9433045272530231734
14742408706547850320,2852046618650517779
14742408706547850320,15831233737838742108
14742408706547850320,13521454104184972334
14742408706547850320,15268683110321368518
14742408706547850320,6261723096354181024
14742408706547850320,1344902844617280199
14742408706547850320,1263970815689723675
14742408706547850320,11477437854374004526
14742408706547850320,3500360882385319911
14742408706547850320,3855579331185422167
14742408706547850320,8261214195878921952
14742408706547850320,3669994446089482324
14742408706547850320,18199153504247795023
14742408706547850320,13699789017639861310
14742408706547850320,16083696133233327207
14742408706547850320,16825956058638900295
14742408706547850320,6977842631979430900
14742408706547850320,10609267919506148648
14742408706547850320,266935239595188977
14742408706547850320,1877499421997997822
14742408706547850320,2881610635008816757
14742408706547850320,2155137189379321412
14742408706547850320,3814922856127238742
14742408706547850320,6098743842821376087
14742408706547850320,18080485482474397124
14742408706547850320,525479585677952461
14742408706547850320,7588774860549909522
14742408706547850320,648641133180693879
14742408706547850320,6760844899684482208
14742408706547850320,14592904905998346786
14742408706547850320,18024611104539181674
14742408706547850320,7462792263171402228
14742408706547850320,8262636831225767964
14742408706547850320,4271989610679839215
14742408706547850320,362131289876029084
14742408706547850320,11259475648410566223
14742408706547850320,14658726614201335405
14742408706547850320,8188461333382276791
14742408706547850320,9093034639911991652
14742408706547850320,16852478966907039251
14742408706547850320,14248265178477482729
14742408706547850320,7036091718775864278
14742408706547850320,13730463187971817255
14742408706547850320,9686469405750563021
14742408706547850320,12139753072454901350
14742408706547850320,4624082298076115608
14742408706547850320,3084819268874996448
14742408706547850320,10690754791644081460
14742408706547850320,4845842723430121625
14742408706547850320,11098907544690886088
14742408706547850320,15236184459348829121
14742408706547850320,9144504492026431142
14742408706547850320,6875155570939984097
14742408706547850320,4957259631714446097
14742408706547850320,16237855438093874581
14742408706547850320,15269200885699680300
14742408706547850320,6464010466710093361
14742408706547850320,3101425138653093604
14742408706547850320,7907153825105183236
14742408706547850320,9585225625541228756
14742408706547850320,10268403525447195726
14742408706547850320,8030413785568662055
14742408706547850320,9293129942940058148
14742408706547850320,12734132052767403246
14742408706547850320,4167336522671539215
14742408706547850320,6491529238962445161
14742408706547850320,17010699704453520197
14742408706547850320,230753837974508912
14742408706547850320,4231814976222711473
14742408706547850320,4688034314167029860
14742408706547850320,17672890683365236180
14742408706547850320,6079765318315374091
14742408706547850320,13268284942445940444
14742408706547850320,6491763390037510783
14742408706547850320,5463124546970322565
14742408706547850320,8372843232934250977
14742408706547850320,9445593013871386127
14742408706547850320,8199235828983431550
14742408706547850320,13194215389784414810
14742408706547850320,6457677870437954434
14742408706547850320,13423039339174150054
14742408706547850320,13453135588948955813
14742408706547850320,5571493774637386393
14742408706547850320,497416952080838339
14742408706547850320,11716979446457065996
14742408706547850320,1058528722408596409
14742408706547850320,8924148167261403652
14742408706547850320,13145877685623390542
14742408706547850320,15165886474312897722
14742408706547850320,796633586039951364
14742408706547850320,10405663562558340173
14742408706547850320,9080326132649971738
14742408706547850320,8792956571267586663
14742408706547850320,15143155310226232059
14742408706547850320,12418495463011501457
14742408706547850320,17081820238383301635
14742408706547850320,15909599676250209307
14742408706547850320,17273727756734332522
14742408706547850320,12696928245190756641
14742408706547850320,8662468351356863456
14742408706547850320,10684517593108270745
14742408706547850320,2570822465507105575
14742408706547850320,14100844970226731946
14742408706547850320,405672893765568593
14742408706547850320,10823523919760944858
14742408706547850320,8608273320635633761
14742408706547850320,10306230856837910360
14742408706547850320,5803487841561337344
14742408706547850320,148070830396589945
14742408706547850320,1928092494050367828
14742408706547850320,9549705748392374436
14742408706547850320,12311497990569899430
14742408706547850320,14638783733479360225
14742408706547850320,645297426398506090
14742408706547850320,7632053995524387975
14742408706547850320,2251908082496626659
14742408706547850320,17210082936854310345
14742408706547850320,1983779379212319273
14742408706547850320,10447606588890713607
14742408706547850320,10847002532854643942
14742408706547850320,1486285274983996239
14742408706547850320,17429871908973328912
14742408706547850320,10736406828731013199
14742408706547850320,7890088929250870342
14742408706547850320,5660420570871833685
14742408706547850320,17092403120378469193
14742408706547850320,3887876218088813523
14742408706547850320,7377228647384146331
14742408706547850320,18144998660614481635
14742408706547850320,11854229808219027249
14742408706547850320,536500482977624528
14742408706547850320,14356758097753291749
14742408706547850320,14248489693260201639
14742408706547850320,2059909997211638672
14742408706547850320,6508966894997637525
14742408706547850320,10471129908738201692
14742408706547850320,12906682174586760939
14742408706547850320,3611371657559445436
14742408706547850320,11417494696698892977
14742408706547850320,8351449478986543723
14742408706547850320,16080096938383244621
14742408706547850320,3034732865868775262
14742408706547850320,4873276442442879918
14742408706547850320,4805729233505634502
14742408706547850320,5336283115269487529
14742408706547850320,3079004358602648866
14742408706547850320,4197683095609506870
14742408706547850320,2104704403102537511
14742408706547850320,17264751483020267073
14742408706547850320,11946852224764852942
14742408706547850320,15634415272741787428
14742408706547850320,8285139213360830750
14742408706547850320,13137774903798841670
14742408706547850320,2021905502019675744
14742408706547850320,14961016181184867408
14742408706547850320,14355569771014621112
14742408706547850320,12526200592872887404
14742408706547850320,10973785980314274243
14742408706547850320,6188345706841714069
14742408706547850320,17283111464847785776
14742408706547850320,1486285274983996239
14742408706547850320,17429871908973328912
14742408706547850320,10736406828731013199
14742408706547850320,7890088929250870342
14742408706547850320,5660420570871833685
14742408706547850320,17092403120378469193
14742408706547850320,3887876218088813523
14742408706547850320,7377228647384146331
14742408706547850320,18144998660614481635
14742408706547850320,11854229808219027249
14742408706547850320,536500482977624528
14742408706547850320,14356758097753291749
14742408706547850320,14248489693260201639
14742408706547850320,2059909997211638672
14742408706547850320,6508966894997637525
14742408706547850320,10471129908738201692
14742408706547850320,12906682174586760939
14742408706547850320,3611371657559445436
14742408706547850320,11417494696698892977
14742408706547850320,8351449478986543723
14742408706547850320,16080096938383244621
14742408706547850320,3034732865868775262
14742408706547850320,4873276442442879918
14742408706547850320,4805729233505634502
14742408706547850320,5336283115269487529
14742408706547850320,3079004358602648866
14742408706547850320,4197683095609506870
14742408706547850320,2104704403102537511
14742408706547850320,17264751483020267073
14742408706547850320,11946852224764852942
9860043691267068964,9893533541972366892
9860043691267068964,16624420678369626103
9860043691267068964,925545645687491204
9860043691267068964,3716213714211097631
9860043691267068964,12386590835263198176
9860043691267068964,7890088929250870342
9860043691267068964,12324622745093093740
9860043691267068964,10719852929497121788
9860043691267068964,7423853312027430291
9860043691267068964,5885392777539371064
9860043691267068964,17747587052776236027
9860043691267068964,9161213813406743950
9860043691267068964,3379138214562081196
9860043691267068964,9800748980672409219
9860043691267068964,12291346584864946757
9860043691267068964,7790105887667642773
9860043691267068964,10266368888827911745
9860043691267068964,2866429627356106496
9860043691267068964,9432016526805883044
9860043691267068964,8003127509513365579
9860043691267068964,11047953547939466443
9860043691267068964,9508417759166658042
9860043691267068964,3034732865868775262
9860043691267068964,6599875540278486964
9860043691267068964,591588515245261520
9860043691267068964,15761463704554145158
5466665393835199140,10754073794036367998
5466665393835199140,18042606018845019169
5466665393835199140,5517529655673338882
5466665393835199140,5901394710848226874
5466665393835199140,5480638096974051983
5466665393835199140,15341951244919895319
5466665393835199140,7369264350684970692
5466665393835199140,16403970195946475423
5466665393835199140,4241811649614074386
5466665393835199140,11841611570075423273
5466665393835199140,6764442276817640763
5466665393835199140,5685476649305715980
5466665393835199140,13022827315647262168
5466665393835199140,56318523442552105
5466665393835199140,14196030565862507051
5466665393835199140,1339925747950571634
5466665393835199140,788404151484658715
5466665393835199140,9043258113541601914
5466665393835199140,11213516964627004002
5466665393835199140,5223597585924799283
5466665393835199140,13270994414457272285
5466665393835199140,5165268477684333845
5466665393835199140,11813563813922429172
5466665393835199140,760727513886480991
5466665393835199140,14466070795116190659
5466665393835199140,9753735191147259639
9893533541972366892,14742408706547850320
9893533541972366892,3716213714211097631
9893533541972366892,7890088929250870342
9893533541972366892,5885392777539371064
9893533541972366892,15902881143486557296
9893533541972366892,17092403120378469193
9893533541972366892,15923631943370068201
9893533541972366892,9714654951938897534
9893533541972366892,12291346584864946757
9893533541972366892,3186878992804006161
9893533541972366892,11779589645126940764
9893533541972366892,6508966894997637525
9893533541972366892,3376689145358198545
9893533541972366892,11442782448261305254
9893533541972366892,10405451611024909492
9893533541972366892,11047953547939466443
9893533541972366892,3611371657559445436
9893533541972366892,7029029000494884197
9893533541972366892,18186020826600963647
9893533541972366892,7912054155639837121
9893533541972366892,7134114120011176212
9893533541972366892,4805729233505634502
9893533541972366892,14172822905096552705
9893533541972366892,6225247357608203864
9893533541972366892,6163093019891053561
9893533541972366892,7669403267929274790
1486285274983996239,7377228647384146331
1486285274983996239,10615928722044394817
1486285274983996239,8668990322115570841
1486285274983996239,5097350091362732147
1486285274983996239,14501423328313513011
1486285274983996239,8285139213360830750
1486285274983996239,3039521065452473606
1486285274983996239,1267301050133109285
1486285274983996239,3220522439555079217
1486285274983996239,14543399377346311863
1486285274983996239,16988549524486995341
1486285274983996239,13045859095994411924
1486285274983996239,10236195214877541979
1486285274983996239,450027055104593297
1486285274983996239,1962608196645334983
1486285274983996239,9622910030682583920
1486285274983996239,10060472410947588707
1486285274983996239,11442648467731980897
1486285274983996239,11017894846290970857
1486285274983996239,4677546982185236779
1486285274983996239,13298120278486641293
1486285274983996239,10892245654444300788
1486285274983996239,17572622018997597952
1486285274983996239,8793925978954683960
1486285274983996239,3751619592488324815
1486285274983996239,9147437262214007170
5176088357608984070,14742408706547850320
5176088357608984070,9893533541972366892
5176088357608984070,4168449882495219397
5176088357608984070,9860043691267068964
5176088357608984070,4475339394178284155
5176088357608984070,2318363379468454381
5176088357608984070,9503037147658237939
5176088357608984070,12386590835263198176
5176088357608984070,6584981048182215191
5176088357608984070,8855351711003168126
5176088357608984070,10719852929497121788
5176088357608984070,14925072133337764801
5176088357608984070,5885392777539371064
5176088357608984070,3379138214562081196
5176088357608984070,12327280973706727085
5176088357608984070,17688159989549430107
5176088357608984070,11645100205496370776
5176088357608984070,7559838947641421622
5176088357608984070,8248314652732743319
5176088357608984070,6508966894997637525
5176088357608984070,3376689145358198545
5176088357608984070,17412106949647962439
5176088357608984070,9942103175039645716
5176088357608984070,14765867619864292860
5176088357608984070,10405451611024909492
5176088357608984070,11047953547939466443
17429871908973328912,10561492306655289987
17429871908973328912,14022813371593430022
17429871908973328912,8978475556526347641
17429871908973328912,8668990322115570841
17429871908973328912,15172308507946124740
17429871908973328912,3820316189932290139
17429871908973328912,16406782180878357500
17429871908973328912,5097350091362732147
17429871908973328912,14501423328313513011
17429871908973328912,659226541163304311
17429871908973328912,14117543820506866903
17429871908973328912,427803131596069158
17429871908973328912,11315364514224221939
17429871908973328912,9845485579247477214
17429871908973328912,8793527737682294459
17429871908973328912,16501056333264174889
17429871908973328912,9921452970775353986
17429871908973328912,3559255098340781724
17429871908973328912,1265922010512783265
17429871908973328912,12897436118995979699
17429871908973328912,450027055104593297
17429871908973328912,15780491323877436560
17429871908973328912,4895610769376744136
17429871908973328912,17627666590164490628
17429871908973328912,10725537077180106548
17429871908973328912,8816387907197304364
9358733379221558284,4168449882495219397
9358733379221558284,1284174087909049100
9358733379221558284,9860043691267068964
9358733379221558284,6435871361978387044
9358733379221558284,14468355063908621121
9358733379221558284,12695188749665205994
9358733379221558284,12626200198172363954
9358733379221558284,15675075910729103985
9358733379221558284,12324622745093093740
9358733379221558284,5885392777539371064
9358733379221558284,10884947832952384220
9358733379221558284,2967956672223779379
9358733379221558284,15138618483734679301
9358733379221558284,14607520412202478013
9358733379221558284,8208868687870045404
9358733379221558284,1762417839665903055
9358733379221558284,12205299888014885965
9358733379221558284,6980899748420521109
9358733379221558284,7610149974290973758
9358733379221558284,6508966894997637525
9358733379221558284,368986431523646676
9358733379221558284,15267023651660343947
9358733379221558284,12906682174586760939
9358733379221558284,11781996626159192836
9358733379221558284,11442782448261305254
9358733379221558284,8622874420515451694
2318363379468454381,9893533541972366892
2318363379468454381,1486285274983996239
2318363379468454381,9860043691267068964
2318363379468454381,17429871908973328912
2318363379468454381,380926448683064381
2318363379468454381,9503037147658237939
2318363379468454381,12386590835263198176
2318363379468454381,15791082224502887489
2318363379468454381,14925072133337764801
2318363379468454381,3379138214562081196
2318363379468454381,16802074670662657308
2318363379468454381,11645100205496370776
2318363379468454381,12579683167038324720
2318363379468454381,7559838947641421622
2318363379468454381,3376689145358198545
2318363379468454381,17412106949647962439
2318363379468454381,14765867619864292860
2318363379468454381,11047953547939466443
2318363379468454381,8453006856448056985
2318363379468454381,7122008779685708077
2318363379468454381,12506765796552850291
2318363379468454381,335790828050245246
2318363379468454381,7134114120011176212
2318363379468454381,969567222983831917
2318363379468454381,2167943224700615939
2318363379468454381,11587551222750948105
10719852929497121788,14742408706547850320
10719852929497121788,9893533541972366892
10719852929497121788,925545645687491204
10719852929497121788,14925072133337764801
10719852929497121788,5885392777539371064
10719852929497121788,12291346584864946757
10719852929497121788,6508966894997637525
10719852929497121788,15658289205758657966
10719852929497121788,3376689145358198545
10719852929497121788,9432016526805883044
10719852929497121788,11047953547939466443
10719852929497121788,9508417759166658042
10719852929497121788,4037988515421431979
10719852929497121788,12506765796552850291
10719852929497121788,7134114120011176212
10719852929497121788,5336283115269487529
10719852929497121788,4197683095609506870
10719852929497121788,6163093019891053561
10719852929497121788,6051248042731139243
10719852929497121788,2104704403102537511
10719852929497121788,14501423328313513011
10719852929497121788,14077205524384724332
10719852929497121788,15862608683790924887
10719852929497121788,17290587165775088906
10719852929497121788,10973785980314274243
10719852929497121788,6035982537057941006
14925072133337764801,14742408706547850320
14925072133337764801,5885392777539371064
14925072133337764801,17092403120378469193
14925072133337764801,15923631943370068201
14925072133337764801,18144998660614481635
14925072133337764801,12291346584864946757
14925072133337764801,10213648430835281654
14925072133337764801,3186878992804006161
14925072133337764801,16357368907028888391
14925072133337764801,6508966894997637525
14925072133337764801,16864078691002031393
14925072133337764801,15658289205758657966
14925072133337764801,3376689145358198545
14925072133337764801,4738145804296776676
14925072133337764801,17059378150482175093
14925072133337764801,11047953547939466443
14925072133337764801,3611371657559445436
14925072133337764801,1136261538800305672
14925072133337764801,15460007576503273824
14925072133337764801,4037988515421431979
14925072133337764801,519407396509920608
14925072133337764801,15761463704554145158
14925072133337764801,4101116253446277138
14925072133337764801,4197683095609506870
14925072133337764801,6163093019891053561
14925072133337764801,2104704403102537511
3136822102808298056,14742408706547850320
3136822102808298056,9893533541972366892
3136822102808298056,4168449882495219397
3136822102808298056,9860043691267068964
3136822102808298056,4475339394178284155
3136822102808298056,2318363379468454381
3136822102808298056,9503037147658237939
3136822102808298056,34822919835380555
3136822102808298056,6584981048182215191
3136822102808298056,5885392777539371064
3136822102808298056,10216054575087577362
3136822102808298056,8208868687870045404
3136822102808298056,11645100205496370776
3136822102808298056,536500482977624528
3136822102808298056,14119939896250877056
3136822102808298056,12579683167038324720
3136822102808298056,6508966894997637525
3136822102808298056,3376689145358198545
3136822102808298056,14083048604885359822
3136822102808298056,12506765796552850291
3136822102808298056,335790828050245246
3136822102808298056,7134114120011176212
3136822102808298056,8588266851828841959
3136822102808298056,12246715124561698953
3136822102808298056,5336283115269487529
3136822102808298056,11587551222750948105
4846314205374413185,4168449882495219397
4846314205374413185,5176088357608984070
4846314205374413185,9860043691267068964
4846314205374413185,4475339394178284155
4846314205374413185,2318363379468454381
4846314205374413185,9503037147658237939
4846314205374413185,6584981048182215191
4846314205374413185,14925072133337764801
4846314205374413185,12453761901845891674
4846314205374413185,17084061549561158393
4846314205374413185,15334246823399626273
4846314205374413185,11645100205496370776
4846314205374413185,15222223795314502886
4846314205374413185,3174365418701017334
4846314205374413185,9923629672607394639
4846314205374413185,12579683167038324720
4846314205374413185,16071753484175611253
4846314205374413185,16681492829099087229
4846314205374413185,14793418749507336364
4846314205374413185,3376689145358198545
4846314205374413185,7843600341308590074
4846314205374413185,17905269722737168277
4846314205374413185,11781996626159192836
4846314205374413185,17281109747665002031
4846314205374413185,8668990322115570841
4846314205374413185,2147678610697932482
17747587052776236027,14742408706547850320
17747587052776236027,9893533541972366892
17747587052776236027,925545645687491204
17747587052776236027,14925072133337764801
17747587052776236027,5885392777539371064
17747587052776236027,17092403120378469193
17747587052776236027,13390849125769756401
17747587052776236027,12291346584864946757
17747587052776236027,6508966894997637525
17747587052776236027,15658289205758657966
17747587052776236027,3376689145358198545
17747587052776236027,9432016526805883044
17747587052776236027,11047953547939466443
17747587052776236027,9508417759166658042
17747587052776236027,14463602403618798754
17747587052776236027,4037988515421431979
17747587052776236027,4873276442442879918
17747587052776236027,12506765796552850291
17747587052776236027,7134114120011176212
17747587052776236027,5336283115269487529
17747587052776236027,4197683095609506870
17747587052776236027,6163093019891053561
17747587052776236027,6051248042731139243
17747587052776236027,2104704403102537511
17747587052776236027,14501423328313513011
17747587052776236027,14077205524384724332
17084061549561158393,9893533541972366892
17084061549561158393,4168449882495219397
17084061549561158393,5176088357608984070
17084061549561158393,9860043691267068964
17084061549561158393,4475339394178284155
17084061549561158393,2318363379468454381
17084061549561158393,9503037147658237939
17084061549561158393,5885392777539371064
17084061549561158393,12453761901845891674
17084061549561158393,10216054575087577362
17084061549561158393,8208868687870045404
17084061549561158393,11645100205496370776
17084061549561158393,15222223795314502886
17084061549561158393,6980899748420521109
17084061549561158393,3174365418701017334
17084061549561158393,16681492829099087229
17084061549561158393,8248314652732743319
17084061549561158393,3376689145358198545
17084061549561158393,17281109747665002031
17084061549561158393,14426172523925584128
17084061549561158393,14083048604885359822
17084061549561158393,8453006856448056985
17084061549561158393,9074954760143831041
17084061549561158393,4340181667299185456
17084061549561158393,12506765796552850291
17084061549561158393,737510511674248991
17092403120378469193,17429871908973328912
17092403120378469193,18144998660614481635
17092403120378469193,10213648430835281654
17092403120378469193,6508966894997637525
17092403120378469193,16864078691002031393
17092403120378469193,8668990322115570841
17092403120378469193,3611371657559445436
17092403120378469193,15460007576503273824
17092403120378469193,4037988515421431979
17092403120378469193,15761463704554145158
17092403120378469193,4101116253446277138
17092403120378469193,5336283115269487529
17092403120378469193,3079004358602648866
17092403120378469193,4197683095609506870
17092403120378469193,15343450581782356265
17092403120378469193,2104704403102537511
17092403120378469193,14501423328313513011
17092403120378469193,17537458837904632714
17092403120378469193,12300775312331653629
17092403120378469193,10642565883591178967
17092403120378469193,2021905502019675744
17092403120378469193,14961016181184867408
17092403120378469193,10973785980314274243
17092403120378469193,18344829992296623962
17092403120378469193,2764916931575818425
17092403120378469193,2770106434842627380
3379138214562081196,14742408706547850320
3379138214562081196,9893533541972366892
3379138214562081196,17788676147904763233
3379138214562081196,3716213714211097631
3379138214562081196,14925072133337764801
3379138214562081196,5885392777539371064
3379138214562081196,17092403120378469193
3379138214562081196,11854229808219027249
3379138214562081196,12291346584864946757
3379138214562081196,12579683167038324720
3379138214562081196,2059909997211638672
3379138214562081196,6508966894997637525
3379138214562081196,3376689145358198545
3379138214562081196,9942103175039645716
3379138214562081196,11047953547939466443
3379138214562081196,3611371657559445436
3379138214562081196,1136261538800305672
3379138214562081196,8351449478986543723
3379138214562081196,4037988515421431979
3379138214562081196,12506765796552850291
3379138214562081196,4805729233505634502
3379138214562081196,4197683095609506870
3379138214562081196,6163093019891053561
3379138214562081196,1447000294177277361
3379138214562081196,2104704403102537511
3379138214562081196,14077205524384724332
7377228647384146331,8842210528801514175
7377228647384146331,7985869006471580341
7377228647384146331,6497575676711722221
7377228647384146331,11336436892219442717
7377228647384146331,1888216936522237175
7377228647384146331,8285139213360830750
7377228647384146331,18332485809453811972
7377228647384146331,14273987272469220743
7377228647384146331,6429977892439247949
7377228647384146331,3942231108725577613
7377228647384146331,4206272441069990901
7377228647384146331,17572622018997597952
7377228647384146331,1911797261928699484
7377228647384146331,7924915724112762222
7377228647384146331,17489802552139402751
7377228647384146331,3250452162005063252
7377228647384146331,9598644012638590383
7377228647384146331,4619445662226869409
7377228647384146331,8976825709438474729
7377228647384146331,17518137700419264698
7377228647384146331,1584456293192867851
7377228647384146331,10827898041859701972
7377228647384146331,13652683319297156395
7377228647384146331,2302553389978568467
7377228647384146331,5212436208869505712
7377228647384146331,6323535962301498479
11645100205496370776,14742408706547850320
11645100205496370776,9893533541972366892
11645100205496370776,9860043691267068964
11645100205496370776,10719852929497121788
11645100205496370776,5885392777539371064
11645100205496370776,3379138214562081196
11645100205496370776,12579683167038324720
11645100205496370776,6508966894997637525
11645100205496370776,3376689145358198545
11645100205496370776,9942103175039645716
11645100205496370776,11781996626159192836
11645100205496370776,11047953547939466443
11645100205496370776,3611371657559445436
11645100205496370776,7122008779685708077
11645100205496370776,4037988515421431979
11645100205496370776,5336283115269487529
11645100205496370776,2167943224700615939
11645100205496370776,6163093019891053561
11645100205496370776,7422620026673233663
11645100205496370776,14501423328313513011
11645100205496370776,14077205524384724332
11645100205496370776,12896172167739511548
11645100205496370776,16031340852063294553
11645100205496370776,13723596283861690883
11645100205496370776,4091837654496122635
11645100205496370776,10682577319701885651
12291346584864946757,14742408706547850320
12291346584864946757,17092403120378469193
12291346584864946757,3186878992804006161
12291346584864946757,6508966894997637525
12291346584864946757,3376689145358198545
12291346584864946757,11047953547939466443
12291346584864946757,8668990322115570841
12291346584864946757,3611371657559445436
12291346584864946757,15460007576503273824
12291346584864946757,4037988515421431979
12291346584864946757,9532785655639098646
12291346584864946757,4101116253446277138
12291346584864946757,13713534954110120629
12291346584864946757,5336283115269487529
12291346584864946757,4197683095609506870
12291346584864946757,1888216936522237175
12291346584864946757,2104704403102537511
12291346584864946757,17537458837904632714
12291346584864946757,17771058230021577971
12291346584864946757,12300775312331653629
12291346584864946757,10642565883591178967
12291346584864946757,10973785980314274243
12291346584864946757,6035982537057941006
12291346584864946757,17283111464847785776
12291346584864946757,18344829992296623962
12291346584864946757,10809102002908540129
10213648430835281654,17429871908973328912
10213648430835281654,18144998660614481635
10213648430835281654,13390849125769756401
10213648430835281654,8668990322115570841
10213648430835281654,15460007576503273824
10213648430835281654,4037988515421431979
10213648430835281654,15761463704554145158
10213648430835281654,5336283115269487529
10213648430835281654,1888216936522237175
10213648430835281654,2104704403102537511
10213648430835281654,17771058230021577971
10213648430835281654,12300775312331653629
10213648430835281654,6035982537057941006
10213648430835281654,10809102002908540129
10213648430835281654,8754527121836229850
10213648430835281654,927223609392414204
10213648430835281654,9169287760167741054
10213648430835281654,11235382970121027942
10213648430835281654,7562826010177837445
10213648430835281654,2062407417648857729
10213648430835281654,9921452970775353986
10213648430835281654,12382026338671257260
10213648430835281654,10629932435187947521
10213648430835281654,7963442532595519335
10213648430835281654,14682925382097045741
10213648430835281654,14009226640215975072
12579683167038324720,6497575676711722221
12579683167038324720,10676654224846653610
12579683167038324720,12462496149782912731
12579683167038324720,17842495233395712560
12579683167038324720,11235382970121027942
12579683167038324720,2856016116505615168
12579683167038324720,15762648740075363216
12579683167038324720,17419534390725277940
12579683167038324720,10278296067512516962
12579683167038324720,12633702796085122502
12579683167038324720,14352207774845020737
12579683167038324720,4589457042434316673
12579683167038324720,10662541496485735533
12579683167038324720,10468104260305409108
12579683167038324720,6927989393762315510
12579683167038324720,149314859939719844
12579683167038324720,12406484983601800692
12579683167038324720,10416584381939092211
12579683167038324720,8985569069637919916
12579683167038324720,4565101768362159089
12579683167038324720,626294674343108158
12579683167038324720,15911324303780175239
12579683167038324720,5773310397218929863
12579683167038324720,12898954746197679249
12579683167038324720,14767359912171452108
12579683167038324720,12532188315769031423
16071753484175611253,9893533541972366892
16071753484175611253,4168449882495219397
16071753484175611253,5176088357608984070
16071753484175611253,9860043691267068964
16071753484175611253,4475339394178284155
16071753484175611253,2318363379468454381
16071753484175611253,9503037147658237939
16071753484175611253,3716213714211097631
16071753484175611253,6044915752685177712
16071753484175611253,5885392777539371064
16071753484175611253,12453761901845891674
16071753484175611253,17084061549561158393
16071753484175611253,3379138214562081196
16071753484175611253,11645100205496370776
16071753484175611253,11854229808219027249
16071753484175611253,3174365418701017334
16071753484175611253,12579683167038324720
16071753484175611253,2059909997211638672
16071753484175611253,6508966894997637525
16071753484175611253,3376689145358198545
16071753484175611253,14765867619864292860
16071753484175611253,8003127509513365579
16071753484175611253,11047953547939466443
16071753484175611253,3611371657559445436
16071753484175611253,14083048604885359822
16071753484175611253,8453006856448056985
11654830034763460777,9893533541972366892
11654830034763460777,4168449882495219397
11654830034763460777,9860043691267068964
11654830034763460777,2318363379468454381
11654830034763460777,9503037147658237939
11654830034763460777,3716213714211097631
11654830034763460777,3136822102808298056
11654830034763460777,4846314205374413185
11654830034763460777,17084061549561158393
11654830034763460777,11645100205496370776
11654830034763460777,11854229808219027249
11654830034763460777,16071753484175611253
11654830034763460777,2059909997211638672
11654830034763460777,9942103175039645716
11654830034763460777,14765867619864292860
11654830034763460777,14083048604885359822
11654830034763460777,13574703054114666488
11654830034763460777,9074954760143831041
11654830034763460777,10230775856715680471
11654830034763460777,737510511674248991
11654830034763460777,14172822905096552705
11654830034763460777,6163093019891053561
11654830034763460777,9172023003929059028
11654830034763460777,6490086941827658378
11654830034763460777,16905523532533745363
11654830034763460777,9452563490269864719
4805729233505634502,14022813371593430022
4805729233505634502,16357368907028888391
4805729233505634502,3138740632641538427
4805729233505634502,5336283115269487529
4805729233505634502,9169287760167741054
4805729233505634502,10629932435187947521
4805729233505634502,9849799331785863407
4805729233505634502,4923291258599252443
4805729233505634502,15367800734202955904
4805729233505634502,3913207714835900400
4805729233505634502,16070659910487126254
4805729233505634502,2528267579513294192
4805729233505634502,4422443958603518542
4805729233505634502,12677983351756662305
4805729233505634502,10646087227918008265
4805729233505634502,2918870032350274222
4805729233505634502,2947461616163670532
4805729233505634502,5135793763856677584
4805729233505634502,909530751834721780
4805729233505634502,1560040608651837588
4805729233505634502,12465555844848084585
4805729233505634502,14796844876307609244
4805729233505634502,3539811291600545523
4805729233505634502,14445461393181108106
4805729233505634502,4028593063946408581
4805729233505634502,559960495037322124
11047953547939466443,1486285274983996239
11047953547939466443,17429871908973328912
11047953547939466443,7377228647384146331
11047953547939466443,16864078691002031393
11047953547939466443,3611371657559445436
11047953547939466443,9532785655639098646
11047953547939466443,5336283115269487529
11047953547939466443,6035982537057941006
11047953547939466443,15486025592829317621
11047953547939466443,8675264260114245133
11047953547939466443,927223609392414204
11047953547939466443,9169287760167741054
11047953547939466443,12461990251384023572
11047953547939466443,14866493363931809562
11047953547939466443,4531173050484308224
11047953547939466443,14682925382097045741
11047953547939466443,14364315472201604920
11047953547939466443,14106187370923811184
11047953547939466443,18080464631281521112
11047953547939466443,10106642654897437749
11047953547939466443,4260845234495367991
11047953547939466443,6035854020802549052
11047953547939466443,12022763932392639824
11047953547939466443,14973510842862362425
11047953547939466443,10935360102553481362
11047953547939466443,6959438685129544059
8668990322115570841,5097350091362732147
8668990322115570841,4464990971350781379
8668990322115570841,1082855385326380025
8668990322115570841,6429977892439247949
8668990322115570841,9464314448548728836
8668990322115570841,12382026338671257260
8668990322115570841,17489802552139402751
8668990322115570841,14682012943751260156
8668990322115570841,201221521370444873
8668990322115570841,16892504519248809170
8668990322115570841,14164700188553497007
8668990322115570841,9620866081386346942
8668990322115570841,11572719583266135925
8668990322115570841,4872155407299826313
8668990322115570841,13334299667026832355
8668990322115570841,16771914482583827358
8668990322115570841,646792261839634314
8668990322115570841,3546959484650268130
8668990322115570841,145352726358459445
8668990322115570841,4584160293048489170
8668990322115570841,251957465636474122
8668990322115570841,9945328772982210706
8668990322115570841,16981746597656755245
8668990322115570841,17444555761099857396
8668990322115570841,8826612908469386510
8668990322115570841,12712245160357066056
3611371657559445436,14248489693260201639
3611371657559445436,6508966894997637525
3611371657559445436,5097350091362732147
3611371657559445436,17415445828810028632
3611371657559445436,967384159809486248
3611371657559445436,1352937563125340012
3611371657559445436,3310873283967114607
3611371657559445436,11017894846290970857
3611371657559445436,14298359941457155943
3611371657559445436,17080646265711451767
3611371657559445436,6035854020802549052
3611371657559445436,8378001520674898904
3611371657559445436,3124515970900093563
3611371657559445436,2947461616163670532
3611371657559445436,9726973249327889482
3611371657559445436,7577226100908362300
3611371657559445436,6185241189836902914
3611371657559445436,7670289777858440805
3611371657559445436,4084937719236743141
3611371657559445436,11322119734688741887
3611371657559445436,12956355002695589513
3611371657559445436,18342320493649640855
3611371657559445436,13862862617738385136
3611371657559445436,9703736758227993922
3611371657559445436,12356026443251211853
3611371657559445436,9560883535542684825
8453006856448056985,14742408706547850320
8453006856448056985,2157964536683454615
8453006856448056985,5885392777539371064
8453006856448056985,11779589645126940764
8453006856448056985,6508966894997637525
8453006856448056985,7122008779685708077
8453006856448056985,5336283115269487529
8453006856448056985,15453739773695455662
8453006856448056985,8874521273884987757
8453006856448056985,14194424036876177473
8453006856448056985,1134859393738095311
8453006856448056985,7278467076973869023
8453006856448056985,16086783586375352791
8453006856448056985,5225241463883615975
8453006856448056985,12286450487583764445
8453006856448056985,3800468263454032252
8453006856448056985,154079455019085811
8453006856448056985,3455309422310749340
8453006856448056985,6441641669124442209
8453006856448056985,675123018628533350
8453006856448056985,958982332792005923
8453006856448056985,13590502982966927789
8453006856448056985,14682925382097045741
8453006856448056985,12871420843185542108
8453006856448056985,11586238712179379048
8453006856448056985,3083571159543310193
8351449478986543723,1486285274983996239
8351449478986543723,17429871908973328912
8351449478986543723,15675075910729103985
8351449478986543723,2117856163305370579
8351449478986543723,7267776952300579975
8351449478986543723,9154730843022070561
8351449478986543723,15886727642237963563
8351449478986543723,15840952376851437326
8351449478986543723,5990404021892423382
8351449478986543723,11336436892219442717
8351449478986543723,14052558229394394513
8351449478986543723,12908334153942995369
8351449478986543723,15172308507946124740
8351449478986543723,15613769287295899630
8351449478986543723,10632460458395951118
8351449478986543723,5336283115269487529
8351449478986543723,9151339620803937790
8351449478986543723,17264751483020267073
8351449478986543723,16140538341202119255
8351449478986543723,1587367287657643071
8351449478986543723,12691389676287571994
8351449478986543723,14200307059675587929
8351449478986543723,4015679391956401383
8351449478986543723,2806158330039483354
8351449478986543723,10421864739924776400
8351449478986543723,16988549524486995341
948467718796194483,13711623131996492294
948467718796194483,2856993934225526053
948467718796194483,11041510695199797303
948467718796194483,7029029000494884197
948467718796194483,235755790731511202
948467718796194483,754879097510831591
948467718796194483,2211503537537270566
948467718796194483,16828765040992465282
948467718796194483,1862891047049416172
948467718796194483,4464990971350781379
948467718796194483,166356670782199047
948467718796194483,9032469449843390280
948467718796194483,15137670965373979936
948467718796194483,12215283477472480285
948467718796194483,260105619017945917
948467718796194483,9905279523001876032
948467718796194483,11824796234052392009
948467718796194483,13624695692269193157
948467718796194483,3946017782469696959
948467718796194483,2435338257866712528
948467718796194483,18231609368879237878
948467718796194483,3963203692064638813
948467718796194483,2882530347508695854
948467718796194483,4138766907272435351
948467718796194483,16271717333491242654
948467718796194483,8595522100635132381
9074954760143831041,9860043691267068964
9074954760143831041,2318363379468454381
9074954760143831041,9503037147658237939
9074954760143831041,10719852929497121788
9074954760143831041,10216054575087577362
9074954760143831041,12327280973706727085
9074954760143831041,8208868687870045404
9074954760143831041,17412106949647962439
9074954760143831041,9508417759166658042
9074954760143831041,5989831950977292958
12487776880162462339,16486073563276412025
12487776880162462339,9291572198144284646
12487776880162462339,14887012667806918976
12487776880162462339,4670366512956726407
12487776880162462339,9649884181677490520
12487776880162462339,2499049109719326514
12487776880162462339,1406864848855461127
12487776880162462339,624862764846761760
12487776880162462339,14372651982048542053
12487776880162462339,13117199069361679756
12487776880162462339,15794406719596062342
12487776880162462339,9368317039997298140
12487776880162462339,4440190348099875510
12487776880162462339,235755790731511202
12487776880162462339,14625964192125748922
12487776880162462339,11368133543978453275
12487776880162462339,8219337081946991726
12487776880162462339,17702180249631182364
12487776880162462339,3528143210029744071
12487776880162462339,5614791161072954741
12487776880162462339,4464990971350781379
12487776880162462339,8164684432223236610
12487776880162462339,9130472209102830764
12487776880162462339,12796284015976023177
12487776880162462339,3564813955293096058
12487776880162462339,7728747341263869435
15870161055702309218,9860043691267068964
15870161055702309218,7890088929250870342
15870161055702309218,4794152470793708509
15870161055702309218,948467718796194483
15870161055702309218,12487776880162462339
15870161055702309218,734568726821093475
15870161055702309218,5445731759971191569
15870161055702309218,8224626916544266384
15870161055702309218,1116743119394346047
15870161055702309218,6562718069073083638
15870161055702309218,8399338974341814565
15870161055702309218,10981034268196057224
15870161055702309218,6551195276660239979
15870161055702309218,3564813955293096058
15870161055702309218,67129266233181327
15870161055702309218,13785379144619174303
15870161055702309218,17285758417423234961
15870161055702309218,18349748797016585042
15870161055702309218,13755911009355161332
15870161055702309218,4210930062812415573
15870161055702309218,8725098519507234348
15870161055702309218,1264319206557779933
15870161055702309218,4561354298620077593
15870161055702309218,17000030561632926662
15870161055702309218,7319185554215427992
15870161055702309218,14937261893800910670
16828765040992465282,13347465132163741297
16828765040992465282,13711623131996492294
16828765040992465282,2377558300071585019
16828765040992465282,10593357976485119259
16828765040992465282,235755790731511202
16828765040992465282,5014183901469946925
16828765040992465282,11368133543978453275
16828765040992465282,17702180249631182364
16828765040992465282,4464990971350781379
16828765040992465282,3419525530803688562
16828765040992465282,9130472209102830764
16828765040992465282,2425625760285151990
16828765040992465282,14890012593520496433
16828765040992465282,2164651412127169817
16828765040992465282,17992040024493145798
16828765040992465282,5840347458602767765
16828765040992465282,15897031521409929200
16828765040992465282,15217884394332234419
16828765040992465282,18194566729244112726
16828765040992465282,8190134739337660181
16828765040992465282,392054252703601774
16828765040992465282,225928477944780646
16828765040992465282,16685039859945381064
16828765040992465282,3963203692064638813
16828765040992465282,4138766907272435351
16828765040992465282,13683467821247833410
6163093019891053561,14742408706547850320
6163093019891053561,17429871908973328912
6163093019891053561,17092403120378469193
6163093019891053561,15923631943370068201
6163093019891053561,12291346584864946757
6163093019891053561,3186878992804006161
6163093019891053561,6508966894997637525
6163093019891053561,3376689145358198545
6163093019891053561,11047953547939466443
6163093019891053561,8668990322115570841
6163093019891053561,3611371657559445436
6163093019891053561,4037988515421431979
6163093019891053561,5336283115269487529
6163093019891053561,4197683095609506870
6163093019891053561,2104704403102537511
6163093019891053561,17771058230021577971
6163093019891053561,12300775312331653629
6163093019891053561,10642565883591178967
6163093019891053561,10973785980314274243
6163093019891053561,6035982537057941006
6163093019891053561,17283111464847785776
6163093019891053561,18344829992296623962
6163093019891053561,8754527121836229850
6163093019891053561,15486025592829317621
6163093019891053561,4929360979825703933
6163093019891053561,11389346452867023427
9172023003929059028,14742408706547850320
9172023003929059028,9893533541972366892
9172023003929059028,4168449882495219397
9172023003929059028,9860043691267068964
9172023003929059028,2318363379468454381
9172023003929059028,9503037147658237939
9172023003929059028,5885392777539371064
9172023003929059028,11645100205496370776
9172023003929059028,3376689145358198545
9172023003929059028,7122008779685708077
9172023003929059028,8007157949024074326
9172023003929059028,2167943224700615939
9172023003929059028,7268179856233132202
9172023003929059028,14077205524384724332
9172023003929059028,16031340852063294553
9172023003929059028,13723596283861690883
9172023003929059028,12963238459717822774
9172023003929059028,4091837654496122635
9172023003929059028,10973785980314274243
9172023003929059028,7145317758258144001
9172023003929059028,9741463345506231992
9172023003929059028,154079455019085811
9172023003929059028,2670416606289180064
9172023003929059028,15094239561985026136
9172023003929059028,14099801810505030909
9172023003929059028,14376018572953313633
15354798134806284190,9860692682644691975
15354798134806284190,2124996155587916897
15354798134806284190,11441857787403148283
15354798134806284190,16459518613276371504
15354798134806284190,8323755544225385396
15354798134806284190,10593357976485119259
15354798134806284190,692810947163289957
15354798134806284190,624862764846761760
15354798134806284190,12907402020750225134
15354798134806284190,760937349272962560
15354798134806284190,9368317039997298140
15354798134806284190,8090034554992352190
15354798134806284190,13247905587296805648
15354798134806284190,11961163288548578071
15354798134806284190,13748741812642323162
15354798134806284190,340296030956282825
15354798134806284190,1276826367771246674
15354798134806284190,5996348568278423999
15354798134806284190,310669290766256850
15354798134806284190,926466508861893486
15354798134806284190,16784848608222279096
15354798134806284190,6776414467473330379
15354798134806284190,9847287543760273592
15354798134806284190,9944883059844035647
15354798134806284190,12910755633364952729
15354798134806284190,13023879440022791692
2104704403102537511,17429871908973328912
2104704403102537511,6508966894997637525
2104704403102537511,8668990322115570841
2104704403102537511,5336283115269487529
2104704403102537511,14501423328313513011
2104704403102537511,12300775312331653629
2104704403102537511,8754527121836229850
2104704403102537511,1671366234929278794
2104704403102537511,12382026338671257260
2104704403102537511,10629932435187947521
2104704403102537511,6879976858352651493
2104704403102537511,17572622018997597952
2104704403102537511,5428889085984453075
2104704403102537511,2731186346827036089
2104704403102537511,6465528822123358749
2104704403102537511,4238783720215059139
2104704403102537511,9147437262214007170
2104704403102537511,6035854020802549052
2104704403102537511,4690894175335601716
2104704403102537511,5477388902391443497
2104704403102537511,11534837755749905648
2104704403102537511,9076648339140511045
2104704403102537511,17564831404372388701
2104704403102537511,3979433579889232222
2104704403102537511,13428551499612006116
2104704403102537511,11886759808827965982
17771058230021577971,17429871908973328912
17771058230021577971,6508966894997637525
17771058230021577971,8668990322115570841
17771058230021577971,4037988515421431979
17771058230021577971,5336283115269487529
17771058230021577971,1888216936522237175
17771058230021577971,12300775312331653629
17771058230021577971,8754527121836229850
17771058230021577971,9169287760167741054
17771058230021577971,7562826010177837445
17771058230021577971,9845485579247477214
17771058230021577971,12007769149661402050
17771058230021577971,12382026338671257260
17771058230021577971,15367800734202955904
17771058230021577971,18286309537060819086
17771058230021577971,6471120979349548614
17771058230021577971,17572622018997597952
17771058230021577971,12727017810326414327
17771058230021577971,2731186346827036089
17771058230021577971,6035854020802549052
17771058230021577971,10142730326686445026
17771058230021577971,1758408520015370955
17771058230021577971,5477388902391443497
17771058230021577971,11534837755749905648
17771058230021577971,17564831404372388701
17771058230021577971,3178060583567826446
1116743119394346047,495710774871014506
1116743119394346047,5358613882552323611
1116743119394346047,948467718796194483
1116743119394346047,4464990971350781379
1116743119394346047,9130472209102830764
1116743119394346047,1760265567957049215
1116743119394346047,14477514529666273744
1116743119394346047,8932014886753076429
1116743119394346047,13977215847169476862
1116743119394346047,13624695692269193157
1116743119394346047,5413251497000134263
1116743119394346047,17716663193708442660
1116743119394346047,2160497123929957942
1116743119394346047,10242251249891327921
1116743119394346047,4694642937662244160
1116743119394346047,12555750404217124287
1116743119394346047,10913056957310288479
1116743119394346047,7704542021486683622
1116743119394346047,7612702887794631642
1116743119394346047,9036321610867877928
1116743119394346047,13758100588223582373
1116743119394346047,4416443767092585851
1116743119394346047,9960494975876531606
1116743119394346047,16746990580521932346
1116743119394346047,12019752270844079017
1116743119394346047,1949319535552490776
11961163288548578071,15366036976114812281
11961163288548578071,5885392777539371064
11961163288548578071,10884947832952384220
11961163288548578071,8212501870157430531
11961163288548578071,16459518613276371504
11961163288548578071,3423754733722160203
11961163288548578071,692810947163289957
11961163288548578071,368986431523646676
11961163288548578071,8003127509513365579
11961163288548578071,6812280617034956586
11961163288548578071,16548833413893102735
11961163288548578071,8277759956106254068
11961163288548578071,14981548512579071916
11961163288548578071,3199931883540224064
11961163288548578071,8379820631533349110
11961163288548578071,8090034554992352190
11961163288548578071,13721707457720539368
11961163288548578071,13748741812642323162
11961163288548578071,13531477327314688463
11961163288548578071,15802866607330740749
11961163288548578071,14178623820593244129
11961163288548578071,4191842353388041933
11961163288548578071,4972986840948328508
11961163288548578071,926466508861893486
11961163288548578071,1745126732889302389
11961163288548578071,11933044227188537240
5629508685414369608,12733759052714559924
5629508685414369608,15914612423575911509
5629508685414369608,18406443958589026010
5629508685414369608,1901096481032228134
5629508685414369608,1850081451626411353
5629508685414369608,14699612288408845674
5629508685414369608,7368039535632439858
5629508685414369608,425489827760946644
5629508685414369608,13124315743174981666
5629508685414369608,2843979747362033372
5629508685414369608,11330214288046411290
5629508685414369608,5331100111432723818
5629508685414369608,1055387163937203224
5629508685414369608,9584274830406954153
5629508685414369608,13949152111895250451
5629508685414369608,11388708547231588815
5629508685414369608,16132963078698091215
5629508685414369608,18210591040647766943
5629508685414369608,383775922868380345
5629508685414369608,917082873353372537
5629508685414369608,9869334312435815807
5629508685414369608,6453947785723332314
5629508685414369608,18331744719214624567
5629508685414369608,13120345815336657981
5629508685414369608,5231220326931771983
5629508685414369608,9307536939797647993
12691389676287571994,5466665393835199140
12691389676287571994,12382026338671257260
12691389676287571994,10879253234401762460
12691389676287571994,14187072707013730374
12691389676287571994,7369264350684970692
12691389676287571994,931062038937890381
12691389676287571994,5218075674820297518
12691389676287571994,14943151995538535404
12691389676287571994,15647049386524021769
12691389676287571994,10827898041859701972
12691389676287571994,788404151484658715
12691389676287571994,3109113597024514763
12691389676287571994,13026904841916997392
12691389676287571994,8042918639929115581
12691389676287571994,16684713529688262726
12691389676287571994,7310205074661515586
12691389676287571994,5631736014860423941
12691389676287571994,1802655954697110668
12691389676287571994,946832017494104034
12691389676287571994,250140259961519003
12691389676287571994,18362569931739394501
12691389676287571994,13536665254710306727
12691389676287571994,15939057848617057823
12691389676287571994,11700762371868055541
12691389676287571994,3490686655964853885
12691389676287571994,1810083058135853261
2021905502019675744,15682524291162200860
2021905502019675744,8668990322115570841
2021905502019675744,16220847744832440581
2021905502019675744,1612118004005011701
2021905502019675744,5135793763856677584
2021905502019675744,909530751834721780
2021905502019675744,1560040608651837588
2021905502019675744,12947459211238271212
2021905502019675744,14326538358367351888
2021905502019675744,5351439107308889279
2021905502019675744,534281295204640714
2021905502019675744,4497819396961716478
2021905502019675744,15586744800257405998
2021905502019675744,7222887249265358521
2021905502019675744,7934362755919213947
2021905502019675744,3376049917378590650
2021905502019675744,11237387412664495884
2021905502019675744,16794221823935595776
2021905502019675744,14230755299816839936
2021905502019675744,9670778677141775732
2021905502019675744,13862369441294608427
2021905502019675744,3119649384027667937
2021905502019675744,18118593489161582521
2021905502019675744,7353514427714682966
2021905502019675744,7671354229095259040
2021905502019675744,13180080630494060590
4091837654496122635,14742408706547850320
4091837654496122635,9893533541972366892
4091837654496122635,3716213714211097631
4091837654496122635,5885392777539371064
4091837654496122635,11854229808219027249
4091837654496122635,14248489693260201639
4091837654496122635,2059909997211638672
4091837654496122635,6508966894997637525
4091837654496122635,3376689145358198545
4091837654496122635,3611371657559445436
4091837654496122635,4037988515421431979
4091837654496122635,12506765796552850291
4091837654496122635,7134114120011176212
4091837654496122635,14077205524384724332
4091837654496122635,17537458837904632714
4091837654496122635,15862608683790924887
4091837654496122635,14961016181184867408
4091837654496122635,10570118810757698724
4091837654496122635,11641109789890615795
4091837654496122635,10973785980314274243
4091837654496122635,18344829992296623962
4091837654496122635,7145317758258144001
4091837654496122635,8675264260114245133
4091837654496122635,11235382970121027942
4091837654496122635,12461990251384023572
4091837654496122635,15994877885659626253
16033475315227419190,9893533541972366892
16033475315227419190,9860043691267068964
16033475315227419190,6044915752685177712
16033475315227419190,5885392777539371064
16033475315227419190,3379138214562081196
16033475315227419190,15265540162881319658
16033475315227419190,12579683167038324720
16033475315227419190,2059909997211638672
16033475315227419190,6508966894997637525
16033475315227419190,3376689145358198545
16033475315227419190,11047953547939466443
16033475315227419190,3611371657559445436
16033475315227419190,7134114120011176212
16033475315227419190,4805729233505634502
16033475315227419190,4197683095609506870
16033475315227419190,7422620026673233663
16033475315227419190,7268179856233132202
16033475315227419190,14077205524384724332
16033475315227419190,12896172167739511548
16033475315227419190,13936292605191926517
16033475315227419190,13723596283861690883
16033475315227419190,4091837654496122635
16033475315227419190,10682577319701885651
16033475315227419190,7145317758258144001
16033475315227419190,2516360754264280376
16033475315227419190,11235382970121027942
10682577319701885651,14742408706547850320
10682577319701885651,9893533541972366892
10682577319701885651,3716213714211097631
10682577319701885651,5885392777539371064
10682577319701885651,3379138214562081196
10682577319701885651,11854229808219027249
10682577319701885651,15265540162881319658
10682577319701885651,12579683167038324720
10682577319701885651,2059909997211638672
10682577319701885651,6508966894997637525
10682577319701885651,3376689145358198545
10682577319701885651,3611371657559445436
10682577319701885651,4340181667299185456
10682577319701885651,7134114120011176212
10682577319701885651,1447000294177277361
10682577319701885651,7268179856233132202
10682577319701885651,14077205524384724332
10682577319701885651,12896172167739511548
10682577319701885651,13936292605191926517
10682577319701885651,9859681396351010621
10682577319701885651,14961016181184867408
10682577319701885651,4091837654496122635
10682577319701885651,11641109789890615795
10682577319701885651,10973785980314274243
10682577319701885651,7145317758258144001
10682577319701885651,8675264260114245133
111996739755290649,14742408706547850320
111996739755290649,9893533541972366892
111996739755290649,9860043691267068964
111996739755290649,7377228647384146331
111996739755290649,11854229808219027249
111996739755290649,6508966894997637525
111996739755290649,4340181667299185456
111996739755290649,9172023003929059028
111996739755290649,12979314683699299107
111996739755290649,13723596283861690883
111996739755290649,12963238459717822774
111996739755290649,10973785980314274243
111996739755290649,16220847744832440581
111996739755290649,5112090010380110642
111996739755290649,9741463345506231992
111996739755290649,14099801810505030909
111996739755290649,13590502982966927789
111996739755290649,16398910598606822735
111996739755290649,13565234712114105115
111996739755290649,15512036624598731605
111996739755290649,9942155961525963187
111996739755290649,16716659031699129501
111996739755290649,3340971264375197558
111996739755290649,10302409398653264904
111996739755290649,5938443178795793177
111996739755290649,2160859443866541897
11193431421414098049,9860043691267068964
11193431421414098049,10216054575087577362
11193431421414098049,8208868687870045404
11193431421414098049,2059909997211638672
11193431421414098049,15172308507946124740
11193431421414098049,16031340852063294553
11193431421414098049,11641109789890615795
11193431421414098049,17331395288199276530
11193431421414098049,9741463345506231992
11193431421414098049,8209038451327417206
11193431421414098049,14099801810505030909
11193431421414098049,14376018572953313633
11193431421414098049,12382026338671257260
11193431421414098049,8415475113348522085
11193431421414098049,1297308908313728531
11193431421414098049,16398910598606822735
11193431421414098049,9844015926188423540
11193431421414098049,6110594808410368210
11193431421414098049,2304831591409638496
11193431421414098049,9368107556581901899
11193431421414098049,2160859443866541897
11193431421414098049,6379289727844540646
11193431421414098049,6365921700952477906
11193431421414098049,6927989393762315510
11193431421414098049,503238974028413071
11193431421414098049,12367560582843333724
3564813955293096058,8212501870157430531
3564813955293096058,14670310625458791624
3564813955293096058,2287769458747167802
3564813955293096058,12907402020750225134
3564813955293096058,760937349272962560
3564813955293096058,235755790731511202
3564813955293096058,3734658411448704892
3564813955293096058,15354798134806284190
3564813955293096058,5014183901469946925
3564813955293096058,13997550668710259680
3564813955293096058,8219337081946991726
3564813955293096058,8090034554992352190
3564813955293096058,11961163288548578071
3564813955293096058,340296030956282825
3564813955293096058,1276826367771246674
3564813955293096058,9130472209102830764
3564813955293096058,13140066336033658379
3564813955293096058,2641730979055625748
3564813955293096058,310669290766256850
3564813955293096058,306922363931204538
3564813955293096058,7327045630828890713
3564813955293096058,13755911009355161332
3564813955293096058,926466508861893486
3564813955293096058,1212765249761451251
3564813955293096058,9291681162680700316
3564813955293096058,14224413174958049462
7894765824731534881,14742408706547850320
7894765824731534881,7790105887667642773
7894765824731534881,16357368907028888391
7894765824731534881,518083157135056791
7894765824731534881,3138740632641538427
7894765824731534881,5336283115269487529
7894765824731534881,17264751483020267073
7894765824731534881,4950336589386983997
7894765824731534881,15634415272741787428
7894765824731534881,7994389356005293441
7894765824731534881,17895464787858940977
7894765824731534881,9550658777344173912
7894765824731534881,10642565883591178967
7894765824731534881,5896452189579013789
7894765824731534881,16161212424295759906
7894765824731534881,14871297944034096171
7894765824731534881,7403201198428993710
7894765824731534881,2806158330039483354
7894765824731534881,2485302712368933924
7894765824731534881,11616154846586256283
7894765824731534881,84242049087069758
7894765824731534881,2040409405436693956
7894765824731534881,9464314448548728836
7894765824731534881,2391062022028570244
7894765824731534881,14147238534047363696
7894765824731534881,14682925382097045741
7145317758258144001,14742408706547850320
7145317758258144001,15923631943370068201
7145317758258144001,11854229808219027249
7145317758258144001,12291346584864946757
7145317758258144001,6508966894997637525
7145317758258144001,15658289205758657966
7145317758258144001,3376689145358198545
7145317758258144001,9432016526805883044
7145317758258144001,11047953547939466443
7145317758258144001,3611371657559445436
7145317758258144001,4037988515421431979
7145317758258144001,5989831950977292958
7145317758258144001,4805729233505634502
7145317758258144001,5336283115269487529
7145317758258144001,3079004358602648866
7145317758258144001,4197683095609506870
7145317758258144001,6163093019891053561
7145317758258144001,13085795447565690443
7145317758258144001,4323616199015333488
7145317758258144001,14077205524384724332
7145317758258144001,17537458837904632714
7145317758258144001,15862608683790924887
7145317758258144001,14961016181184867408
7145317758258144001,6035982537057941006
7145317758258144001,16220847744832440581
7145317758258144001,18344829992296623962
2516360754264280376,5885392777539371064
2516360754264280376,2387082508288355212
2516360754264280376,8978475556526347641
2516360754264280376,8044633213951434135
2516360754264280376,8003127509513365579
2516360754264280376,7134114120011176212
2516360754264280376,9151339620803937790
2516360754264280376,15205865191877697888
2516360754264280376,11225544499810656718
2516360754264280376,8874521273884987757
2516360754264280376,1173414001003073141
2516360754264280376,16083873259345578033
2516360754264280376,5225241463883615975
2516360754264280376,14167767204947012404
2516360754264280376,14009940166870805883
2516360754264280376,9218585953855101862
2516360754264280376,1039091025685701802
2516360754264280376,17838145719210621814
2516360754264280376,11884807262884801541
2516360754264280376,15810897772878444474
2516360754264280376,9200265353607427377
2516360754264280376,2369139628068546368
2516360754264280376,8383396274211332731
2516360754264280376,665452741360262475
2516360754264280376,9367616288277363724
2516360754264280376,16080891239590952883
8675264260114245133,16969019458944455828
8675264260114245133,6035982537057941006
8675264260114245133,4600775260183642511
8675264260114245133,11703558366168859495
8675264260114245133,12995142088713979586
8675264260114245133,14954949908343602300
8675264260114245133,18317743323544948583
8675264260114245133,3657854741160017194
8675264260114245133,9212960956615584301
8675264260114245133,2494260738166295168
8675264260114245133,11111080285484485227
8675264260114245133,4084937719236743141
8675264260114245133,13225294292788190624
8675264260114245133,12014580388315645769
8675264260114245133,3980495784723668252
8675264260114245133,4573263381046776463
8675264260114245133,8386237822038517002
8675264260114245133,16647468199381847019
8675264260114245133,15652278648897883421
8675264260114245133,8104023062789805222
8675264260114245133,11313774934441534661
8675264260114245133,8521224515230696253
8675264260114245133,16825956547712624763
8675264260114245133,17063687072515471470
8675264260114245133,10768452870662628771
8675264260114245133,2135054875286723404
16083873259345578033,1486285274983996239
16083873259345578033,17429871908973328912
16083873259345578033,7377228647384146331
16083873259345578033,6508966894997637525
16083873259345578033,8668990322115570841
16083873259345578033,14463602403618798754
16083873259345578033,3787468366042625644
16083873259345578033,4201804139445317107
16083873259345578033,4464990971350781379
16083873259345578033,13126255349183661712
16083873259345578033,4929360979825703933
16083873259345578033,1506936742625162937
16083873259345578033,2444985896014881171
16083873259345578033,12908833591004120491
16083873259345578033,14955415189938882059
16083873259345578033,17091172283802102624
16083873259345578033,12002770736110845915
16083873259345578033,3541440372852632467
16083873259345578033,10048034734577083908
16083873259345578033,7828986754561835737
16083873259345578033,691928694298718891
16083873259345578033,1300575292110093343
16083873259345578033,13652683319297156395
16083873259345578033,12105737966766679079
16083873259345578033,4982189501514751894
16083873259345578033,559960495037322124
927223609392414204,17429871908973328912
927223609392414204,8668990322115570841
927223609392414204,15460007576503273824
927223609392414204,2104704403102537511
927223609392414204,12300775312331653629
927223609392414204,8754527121836229850
927223609392414204,4929360979825703933
927223609392414204,3192336567970673079
927223609392414204,6471120979349548614
927223609392414204,17572622018997597952
927223609392414204,5428889085984453075
927223609392414204,2731186346827036089
927223609392414204,6465528822123358749
927223609392414204,4238783720215059139
927223609392414204,6035854020802549052
927223609392414204,10142730326686445026
927223609392414204,5477388902391443497
927223609392414204,11534837755749905648
927223609392414204,9076648339140511045
927223609392414204,670883866832702878
927223609392414204,7184261607014839140
927223609392414204,9264600829447681912
927223609392414204,7425475633728972480
927223609392414204,12458320668880563859
927223609392414204,8942451837270050063
927223609392414204,11533798929442160913
14883138624038802182,5466665393835199140
14883138624038802182,2117856163305370579
14883138624038802182,15886727642237963563
14883138624038802182,2030372074096803752
14883138624038802182,14052558229394394513
14883138624038802182,12377723745012181333
14883138624038802182,5283534509677514018
14883138624038802182,1327306742072677684
14883138624038802182,10632460458395951118
14883138624038802182,670346553813314124
14883138624038802182,299026260713190267
14883138624038802182,9036771846268402206
14883138624038802182,4015679391956401383
14883138624038802182,13027365424648813315
14883138624038802182,6573429956895377519
14883138624038802182,10994314859412766902
14883138624038802182,4779192237438421017
14883138624038802182,6549793772981344714
14883138624038802182,2937342508612697092
14883138624038802182,8959104978444058157
14883138624038802182,16132963078698091215
14883138624038802182,7369264350684970692
14883138624038802182,10775407038280060610
14883138624038802182,6813228311289218565
14883138624038802182,10327580865901253671
14883138624038802182,9624344930689355358
17285758417423234961,12487776880162462339
17285758417423234961,11368133543978453275
17285758417423234961,4464990971350781379
17285758417423234961,2347964868372920681
17285758417423234961,13527782294847092724
17285758417423234961,11674177328354029482
17285758417423234961,16678862292890791877
17285758417423234961,18109457477843942434
17285758417423234961,260105619017945917
17285758417423234961,18072498688069296480
17285758417423234961,18116247950219042793
17285758417423234961,1208225370071024685
17285758417423234961,3963203692064638813
17285758417423234961,6051463389769912603
17285758417423234961,15571353595754073894
17285758417423234961,6977532719410727327
17285758417423234961,956747121689305498
17285758417423234961,10805751829188114487
17285758417423234961,7287136441126565173
17285758417423234961,9541292174099217378
17285758417423234961,4088808170340194647
17285758417423234961,103196713697510774
17285758417423234961,10563150416513019830
17285758417423234961,13326991869427945990
17285758417423234961,2812242231370027669
17285758417423234961,1122777679702696210
9169287760167741054,1486285274983996239
9169287760167741054,5509454396908815403
9169287760167741054,16231784674704483813
9169287760167741054,10629932435187947521
9169287760167741054,18286309537060819086
9169287760167741054,4009603368960625178
9169287760167741054,4840175821717622927
9169287760167741054,17419991216115723021
9169287760167741054,5090720607687692581
9169287760167741054,5135793763856677584
9169287760167741054,4284491479530573616
9169287760167741054,15072692694583494886
9169287760167741054,15621433772725784847
9169287760167741054,7184261607014839140
9169287760167741054,9264600829447681912
9169287760167741054,4271578922376082457
9169287760167741054,11322119734688741887
9169287760167741054,6239162500470837414
9169287760167741054,3703884124165414559
9169287760167741054,181339887792702771
9169287760167741054,6180384650646552707
9169287760167741054,3932931106160211305
9169287760167741054,4029493283181250143
9169287760167741054,12785656161451321041
9169287760167741054,2450506510141001079
9169287760167741054,12756926082310101655
